﻿<?xml version="1.0"?>
<doc>
<assembly>
<name>
MyGenCode
</name>
</assembly>
<members>
<member name="P:MyGenCode.My.Resources.Resources.ResourceManager">
	<summary>
  返回此类使用的缓存的 ResourceManager 实例。
</summary>
</member><member name="P:MyGenCode.My.Resources.Resources.Culture">
	<summary>
  使用此强类型资源类，为所有资源查找
  重写当前线程的 CurrentUICulture 属性。
</summary>
</member><member name="P:MyGenCode.My.Resources.Resources.AppTitle">
	<summary>
  查找类似 Manage Tables -  的本地化字符串。
</summary>
</member><member name="P:MyGenCode.My.Resources.Resources.DefaultConstraintText">
	<summary>
  查找类似 '' 的本地化字符串。
</summary>
</member><member name="P:MyGenCode.My.Resources.Resources.ReallyDrop">
	<summary>
  查找类似 Do you really want to drop (Delete) the {0} table? 的本地化字符串。
</summary>
</member><member name="P:MyGenCode.My.Resources.Resources.TableExists">
	<summary>
  查找类似 Table "{0}" already exists. 的本地化字符串。
</summary>
</member><member name="T:MyGenCode.My.Resources.Resources">
	<summary>
  一个强类型的资源类，用于查找本地化的字符串等。
</summary>
</member>
</members>
</doc>